{"plugins":[{"name":"5sing","url":"https://ghp.ci/https://raw.githubusercontent.com/kxbperfect/musicfreeplugins/master/5sing.js"},
  {"name":"酷狗","url":"https://ghp.ci/https://raw.githubusercontent.com/kxbperfect/musicfreeplugins/master/kugou.js"},
  {"name":"酷我","url":"https://ghp.ci/https://raw.githubusercontent.com/kxbperfect/musicfreeplugins/master/kuwo.js"},
  {"name":"咪咕","url":"https://ghp.ci/https://raw.githubusercontent.com/kxbperfect/musicfreeplugins/master/migu.js"},
  {"name":"千千音乐","url":"https://ghp.ci/https://raw.githubusercontent.com/kxbperfect/musicfreeplugins/master/qianqian.js"},
  {"name":"Audiomack","url":"https://ghp.ci/https://raw.githubusercontent.com/kxbperfect/musicfreeplugins/master/Audiomack.js"},
  {"name":"小枸音乐","url":"https://ghp.ci/https://raw.githubusercontent.com/kxbperfect/musicfreeplugins/master/xiaogou.js"},
  {"name":"bilibili","url":"https://ghp.ci/https://raw.githubusercontent.com/kxbperfect/musicfreeplugins/master/bilibili.js"},
  {"name":"Navidrome","url":"https://ghp.ci/https://raw.githubusercontent.com/kxbperfect/musicfreeplugins/master/Navidrome.js"},
  {"name":"QQ音乐","url":"https://ghp.ci/https://raw.githubusercontent.com/kxbperfect/musicfreeplugins/master/QQYY.js"},
  {"name":"suno","url":"https://ghp.ci/https://raw.githubusercontent.com/kxbperfect/musicfreeplugins/master/suno.js"},
  {"name":"udio","url":"https://ghp.ci/https://raw.githubusercontent.com/kxbperfect/musicfreeplugins/master/udio.js"},
  {"name":"WebDAV","url":"https://ghp.ci/https://raw.githubusercontent.com/kxbperfect/musicfreeplugins/master/WebDAV.js"},
  {"name":"YouTube","url":"https://ghp.ci/https://raw.githubusercontent.com/kxbperfect/musicfreeplugins/master/YouTube.js"},
  {"name":"歌词千寻","url":"https://ghp.ci/https://raw.githubusercontent.com/kxbperfect/musicfreeplugins/master/geciqianxun.js"},
  {"name":"歌词网","url":"https://ghp.ci/https://raw.githubusercontent.com/kxbperfect/musicfreeplugins/master/geciwang.js"},
  {"name":"简繁音乐","url":"https://ghp.ci/https://raw.githubusercontent.com/kxbperfect/musicfreeplugins/master/fanjian.js"},
  {"name":"酷歌词","url":"https://ghp.ci/https://raw.githubusercontent.com/kxbperfect/musicfreeplugins/master/kugeci.js"},
  {"name":"快手","url":"https://ghp.ci/https://raw.githubusercontent.com/kxbperfect/musicfreeplugins/master/kuaishou.js"},
  {"name":"猫耳FM","url":"https://ghp.ci/https://raw.githubusercontent.com/kxbperfect/musicfreeplugins/master/CatFM.js"},
  {"name":"咪咕音乐","url":"https://ghp.ci/https://raw.githubusercontent.com/kxbperfect/musicfreeplugins/master/miguyinyue.js"},
  {"name":"全民k歌","url":"https://ghp.ci/https://raw.githubusercontent.com/kxbperfect/musicfreeplugins/master/quanminKge.js"},
  {"name":"网易云","url":"https://ghp.ci/https://raw.githubusercontent.com/kxbperfect/musicfreeplugins/master/wangyiyun.js"},
  {"name":"网易云音乐","url":"https://ghp.ci/https://raw.githubusercontent.com/kxbperfect/musicfreeplugins/master/wangyiyunYY.js"},
  {"name":"喜马拉雅","url":"https://ghp.ci/https://raw.githubusercontent.com/kxbperfect/musicfreeplugins/master/ximalaya.js"},
  {"name":"小蜜音乐","url":"https://ghp.ci/https://raw.githubusercontent.com/kxbperfect/musicfreeplugins/master/xiaomi.js"},
  {"name":"小秋音乐","url":"https://ghp.ci/https://raw.githubusercontent.com/kxbperfect/musicfreeplugins/master/xiaoqiu.js"},
  {"name":"小窝音乐","url":"https://ghp.ci/https://raw.githubusercontent.com/kxbperfect/musicfreeplugins/master/xiaowo.js"},
  {"name":"小芸音乐","url":"https://ghp.ci/https://raw.githubusercontent.com/kxbperfect/musicfreeplugins/master/xiaoyun.js"},
  {"name":"音悦台","url":"https://ghp.ci/https://raw.githubusercontent.com/kxbperfect/musicfreeplugins/master/yinyuetai.js"},
  {"name":"云音乐","url":"https://ghp.ci/https://raw.githubusercontent.com/kxbperfect/musicfreeplugins/master/yunyinyue.js"}]}
