{"plugins":[{"name":"5sing","url":"https://ghp.ci/https://raw.githubusercontent.com/kxbperfect/musicfreeplugins/master/5sing.js"},
  {"name":"酷狗","url":"https://ghp.ci/https://raw.githubusercontent.com/kxbperfect/musicfreeplugins/master/酷狗音乐.js"},
  {"name":"酷我","url":"https://ghp.ci/https://raw.githubusercontent.com/kxbperfect/musicfreeplugins/master/酷我.js"},
  {"name":"咪咕","url":"https://ghp.ci/https://raw.githubusercontent.com/kxbperfect/musicfreeplugins/master/咪咕.js"},
  {"name":"千千音乐","url":"https://ghp.ci/https://raw.githubusercontent.com/kxbperfect/musicfreeplugins/master/千千音乐.js"},
  {"name":"Audiomack","url":"https://ghp.ci/https://raw.githubusercontent.com/kxbperfect/musicfreeplugins/master/Audiomack.js"},
  {"name":"小枸音乐","url":"https://ghp.ci/https://raw.githubusercontent.com/kxbperfect/musicfreeplugins/master/小枸音乐.js"},
  {"name":"bilibili","url":"https://ghp.ci/https://raw.githubusercontent.com/kxbperfect/musicfreeplugins/master/bilibili.js"},
  {"name":"Navidrome","url":"https://ghp.ci/https://raw.githubusercontent.com/kxbperfect/musicfreeplugins/master/Navidrome.js"},
  {"name":"QQ音乐","url":"https://ghp.ci/https://raw.githubusercontent.com/kxbperfect/musicfreeplugins/master/QQ音乐.js"},
  {"name":"suno","url":"https://ghp.ci/https://raw.githubusercontent.com/kxbperfect/musicfreeplugins/master/suno.js"},
  {"name":"udio","url":"https://ghp.ci/https://raw.githubusercontent.com/kxbperfect/musicfreeplugins/master/udio.js"},
  {"name":"WebDAV","url":"https://ghp.ci/https://raw.githubusercontent.com/kxbperfect/musicfreeplugins/master/WebDAV.js"},
  {"name":"YouTube","url":"https://ghp.ci/https://raw.githubusercontent.com/kxbperfect/musicfreeplugins/master/YouTube.js"},
  {"name":"歌词千寻","url":"https://ghp.ci/https://raw.githubusercontent.com/kxbperfect/musicfreeplugins/master/歌词千寻.js"},
  {"name":"歌词网","url":"https://ghp.ci/https://raw.githubusercontent.com/kxbperfect/musicfreeplugins/master/歌词网.js"},
  {"name":"简繁音乐","url":"https://ghp.ci/https://raw.githubusercontent.com/kxbperfect/musicfreeplugins/master/简繁音乐.js"},
  {"name":"酷歌词","url":"https://ghp.ci/https://raw.githubusercontent.com/kxbperfect/musicfreeplugins/master/酷歌词.js"},
  {"name":"快手","url":"https://ghp.ci/https://raw.githubusercontent.com/kxbperfect/musicfreeplugins/master/快手.js"},
  {"name":"猫耳FM","url":"https://ghp.ci/https://raw.githubusercontent.com/kxbperfect/musicfreeplugins/master/猫耳FM.js"},
  {"name":"咪咕音乐","url":"https://ghp.ci/https://raw.githubusercontent.com/kxbperfect/musicfreeplugins/master/咪咕音乐.js"},
  {"name":"全民k歌","url":"https://ghp.ci/https://raw.githubusercontent.com/kxbperfect/musicfreeplugins/master/全民k歌.js"},
  {"name":"网易云","url":"https://ghp.ci/https://raw.githubusercontent.com/kxbperfect/musicfreeplugins/master/网易云.js"},
  {"name":"网易云音乐","url":"https://ghp.ci/https://raw.githubusercontent.com/kxbperfect/musicfreeplugins/master/网易云音乐.js"},
  {"name":"喜马拉雅","url":"https://ghp.ci/https://raw.githubusercontent.com/kxbperfect/musicfreeplugins/master/喜马拉雅.js"},
  {"name":"小蜜音乐","url":"https://ghp.ci/https://raw.githubusercontent.com/kxbperfect/musicfreeplugins/master/小蜜音乐.js"},
  {"name":"小秋音乐","url":"https://ghp.ci/https://raw.githubusercontent.com/kxbperfect/musicfreeplugins/master/小秋音乐.js"},
  {"name":"小窝音乐","url":"https://ghp.ci/https://raw.githubusercontent.com/kxbperfect/musicfreeplugins/master/小窝音乐.js"},
  {"name":"小芸音乐","url":"https://ghp.ci/https://raw.githubusercontent.com/kxbperfect/musicfreeplugins/master/小芸音乐.js"},
  {"name":"音悦台","url":"https://ghp.ci/https://raw.githubusercontent.com/kxbperfect/musicfreeplugins/master/音悦台.js"},
  {"name":"云音乐","url":"https://ghp.ci/https://raw.githubusercontent.com/kxbperfect/musicfreeplugins/master/云音乐.js"}]}
